Workbook

Sheet 00_使用說明
A1: 機器人系統最初規劃表｜空白模板
A3: 用途 | B3: 規劃機器人能做什麼、需要哪些硬體/軟體、預算、里程碑、重量、電力與風險。
A4: 建議填寫順序 | B4: 01 專案總覽 → 02 功能規劃 → 03 模組硬體 → 04 軟體規劃 → 05 預算規劃 → 06 里程碑 → 07 風險安全 → 08 重量電力。
A5: 目前專案基準 | B5: 低成本 ROS 2 分散式機器人控制與安全測試平台；Pi Zero 2W 走 Ethernet/ROS 2；Pi Pico 2W/MCU 走 UART/USB CDC serial。
A6: 電源基準 | B6: 可填入 2S3P LiFePO4；每個 Pi Zero 2W 一顆 5V 降壓板；每片 Pico/MCU 一顆 5V 降壓板；SG90 經伺服降壓板；腰部 SR-HST-I-17MG 直接接 2S LiFePO4。
A7: 公開邊界 | B7: 若要對外公開，請先刪除完整封包欄位、ID 對照、接線細節、供應商與個人聯絡資訊。
A8: 預算表 | B8: 05 預算規劃含公式：數量 × 單價 + 運費/雜費 = 小計。
A9: 重量電力表 | B9: 08 重量與電力估算含公式：電壓 × 容量 = Wh；可用能量 ÷ 平均功耗 = 續航。
A10: 狀態欄 | B10: 多數表格有下拉選單，方便規劃與追蹤。
A11: 版本 | B11: v0.1
A12: 建立日期 | B12: 2026-07-15

Sheet 01_專案總覽
A1: 專案總覽
A3: 項目 | B3: 填寫內容 | C3: 備註
A4: 專案名稱 | C4: 例如：低成本 ROS 2 分散式機器人控制與安全測試平台
A5: 專案版本 | C5: 例如：v0.1 / MVP / 第一階段
A6: 一句話定位 | C6: 用一句話說明這台機器人或測試平台的定位
A7: 機器人能做什麼 | C7: 例如：移動、避障、語音指令、手部動作、安全停機
A8: 主要使用情境 | C8: 例如：ROS 2 多機測試、MCU 通訊測試、伺服控制測試
A9: 主要限制 | C9: 預算、重量、尺寸、續航、安全、開發時間
A10: 目標完成日期 | C10: yyyy-mm-dd
A11: 目前階段 | C11: 概念 / 規劃 / 採購 / 組裝 / 測試 / 展示
A14: 自動摘要
A15: 功能數量 | B15: =COUNTIF(02_功能規劃!A5:A84,"?*") -> 0 | C15: 模組數量 | D15: =COUNTIF(03_模組硬體規劃!A5:A84,"?*") -> 0 | E15: 預算合計 | F15: =05_預算規劃!B4 -> 0 | G15: 已購買金額 | H15: =05_預算規劃!B5 -> 0
A16: 軟體項目 | B16: =COUNTIF(04_軟體規劃!A5:A84,"?*") -> 0 | C16: 未完成里程碑 | D16: =COUNTIFS(06_里程碑!A5:A44,"?*",06_里程碑!H5:H44,"<>已完成") -> 0 | E16: 待購買金額 | F16: =05_預算規劃!B6 -> 0 | G16: 預估總重量kg | H16: =08_重量與電力估算!B6 -> 0
A17: 高風險數 | B17: =COUNTIFS(07_風險與安全!A5:A64,"?*",07_風險與安全!C5:C64,"高") -> 0 | C17: 預估續航小時 | D17: =08_重量與電力估算!B15 -> 0 | E17: 預算差額 | F17: =05_預算規劃!B8 -> 0

Sheet 02_功能規劃
A1: 功能規劃表｜機器人要做什麼
A4: 功能ID | B4: 功能名稱 | C4: 功能說明 | D4: 使用者情境 | E4: 輸入來源 | F4: 輸出動作 | G4: 必要模組 | H4: 成功判準 | I4: 優先順序 | J4: 狀態 | K4: 備註

Sheet 03_模組硬體規劃
A1: 模組與硬體規劃表
A4: 模組ID | B4: 模組區塊 | C4: 零件/板卡名稱 | D4: 角色/用途 | E4: 數量 | F4: 單位 | G4: 供電方式 | H4: 通訊方式 | I4: 連接對象 | J4: 是否必要 | K4: 採購狀態 | L4: 相依功能ID | M4: 備註

Sheet 04_軟體規劃
A1: 軟體 / ROS 2 / 韌體規劃表
A4: 軟體ID | B4: 分類 | C4: 名稱 | D4: 執行主機/控制板 | E4: 用途 | F4: 語言/框架 | G4: 輸入 | H4: 輸出 | I4: 通訊方式 | J4: 優先順序 | K4: 狀態 | L4: 備註

Sheet 05_預算規劃
A1: 預算規劃表
A3: 摘要項目 | B3: 金額/數值 | C3: 說明
A4: 預算合計 | B4: =SUM(J12:J111) -> 0 | C4: 全部項目小計總和
A5: 已購買金額 | B5: =SUMIF(L12:L111,"已購買",J12:J111)+SUMIF(L12:L111,"已到貨",J12:J111) -> 0 | C5: 已購買/已到貨
A6: 待購買金額 | B6: =B4-B5 -> 0 | C6: 尚未購買
A7: 目標總預算 | C7: 手動填寫
A8: 預算差額 | B8: =B7-B4 -> 0 | C8: 正數=還有餘裕；負數=超支
A11: 預算ID | B11: 類別 | C11: 項目名稱 | D11: 規格/型號 | E11: 用途 | F11: 需求數量 | G11: 單位 | H11: 單價 | I11: 運費/雜費 | J11: 小計 | K11: 供應商/來源 | L11: 採購狀態 | M11: 備註
J12: =IF(OR(F12="",H12=""),"",F12*H12+IF(I12="",0,I12))
J13: =IF(OR(F13="",H13=""),"",F13*H13+IF(I13="",0,I13))
J14: =IF(OR(F14="",H14=""),"",F14*H14+IF(I14="",0,I14))
J15: =IF(OR(F15="",H15=""),"",F15*H15+IF(I15="",0,I15))
J16: =IF(OR(F16="",H16=""),"",F16*H16+IF(I16="",0,I16))
J17: =IF(OR(F17="",H17=""),"",F17*H17+IF(I17="",0,I17))
J18: =IF(OR(F18="",H18=""),"",F18*H18+IF(I18="",0,I18))
J19: =IF(OR(F19="",H19=""),"",F19*H19+IF(I19="",0,I19))
J20: =IF(OR(F20="",H20=""),"",F20*H20+IF(I20="",0,I20))
J21: =IF(OR(F21="",H21=""),"",F21*H21+IF(I21="",0,I21))
J22: =IF(OR(F22="",H22=""),"",F22*H22+IF(I22="",0,I22))
J23: =IF(OR(F23="",H23=""),"",F23*H23+IF(I23="",0,I23))
... J111: =IF(OR(F111="",H111=""),"",F111*H111+IF(I111="",0,I111))

Sheet 06_里程碑
A1: 里程碑與測試規劃表
A4: 階段ID | B4: 階段名稱 | C4: 目標 | D4: 開始日 | E4: 預定完成日 | F4: 實際完成日 | G4: 成功判準 | H4: 狀態 | I4: 輸出成果 | J4: 備註

Sheet 07_風險與安全
A1: 風險與安全規劃表
A4: 風險ID | B4: 風險類型 | C4: 嚴重度 | D4: 發生機率 | E4: 風險描述 | F4: 影響範圍 | G4: 預防措施 | H4: 偵測方式 | I4: 安全處理 | J4: 負責人 | K4: 狀態

Sheet 08_重量與電力估算
A1: 重量與電力估算表
A3: 重量摘要 | B3: 數值 | C3: 單位 | D3: 說明
A4: 未加電池重量 | C4: kg | D4: 手動填寫
A5: 電池重量 | C5: kg | D5: 手動填寫
A6: 其他增加重量 | C6: kg | D6: BMS / 線材 / 固定件
A7: 預估總重量 | B7: =SUM(B4:B6) -> 0 | C7: kg | D7: 自動計算
A8: 設計抓重 | C8: kg | D8: 建議高於預估總重量
A9: 麥克納姆輪直徑 | C9: mm | D9: 例如 60mm
A12: 電力摘要 | B12: 數值 | C12: 單位 | D12: 說明
A13: 電池標稱電壓 | C13: V | D13: 例如 2S LiFePO4 = 6.4V
A14: 電池容量 | C14: Ah | D14: 例如 2S3P = 45Ah
A15: 理論能量 | B15: =B13*B14 -> 0 | C15: Wh | D15: 自動計算
A16: 可用能量比例 | C16: % | D16: 建議 80%～90%
A17: 估計平均功耗 | C17: W | D17: 依實測填寫
A18: 預估續航 | B18: =IF(OR(B15="",B16="",B17=""),"",B15*B16/B17) | C18: h | D18: 可用能量 / 平均功耗
A21: 項目ID | B21: 類別 | C21: 項目名稱 | D21: 數量 | E21: 單位重量kg | F21: 總重量kg | G21: 供電方式 | H21: 估計功耗W | I21: 備註
F22: =IF(OR(D22="",E22=""),"",D22*E22)
F23: =IF(OR(D23="",E23=""),"",D23*E23)
F24: =IF(OR(D24="",E24=""),"",D24*E24)
F25: =IF(OR(D25="",E25=""),"",D25*E25)
F26: =IF(OR(D26="",E26=""),"",D26*E26)
F27: =IF(OR(D27="",E27=""),"",D27*E27)
F28: =IF(OR(D28="",E28=""),"",D28*E28)
F29: =IF(OR(D29="",E29=""),"",D29*E29)
F30: =IF(OR(D30="",E30=""),"",D30*E30)
F31: =IF(OR(D31="",E31=""),"",D31*E31)
F32: =IF(OR(D32="",E32=""),"",D32*E32)
F33: =IF(OR(D33="",E33=""),"",D33*E33)
... F81: =IF(OR(D81="",E81=""),"",D81*E81)

Sheet 09_版本紀錄
A1: 版本紀錄 / 決策紀錄
A4: 日期 | B4: 版本 | C4: 變更類型 | D4: 變更內容 | E4: 原因 | F4: 影響表單 | G4: 決策人 | H4: 備註
A5: 2026-07-15 | B5: v0.1 | C5: 建立 | D5: 建立空白規劃表模板 | E5: 供初期規劃使用 | F5: 全部
